<?xml version="1.0" encoding="UTF-8"?>
<project-private xmlns="http://www.netbeans.org/ns/project-private/1">
    <editor-bookmarks xmlns="http://www.netbeans.org/ns/editor-bookmarks/2" lastBookmarkId="0"/>
    <open-files xmlns="http://www.netbeans.org/ns/projectui-open-files/2">
        <group>
            <file>file:/F:/NSBM/2nd%20Year/1st%20semester/Enterprise%20App%20Development/New%20folder/se204.3-dea-cw-20.2-cs_illuminati/PhoenixAirline/src/java/com/phoenixairline/models/User.java</file>
            <file>file:/F:/NSBM/2nd%20Year/1st%20semester/Enterprise%20App%20Development/New%20folder/se204.3-dea-cw-20.2-cs_illuminati/PhoenixAirline/src/java/com/phoenixairline/models/RegisterDao.java</file>
            <file>file:/F:/NSBM/2nd%20Year/1st%20semester/Enterprise%20App%20Development/New%20folder/se204.3-dea-cw-20.2-cs_illuminati/PhoenixAirline/src/java/com/phoenixairline/models/Flight.java</file>
            <file>file:/F:/NSBM/2nd%20Year/1st%20semester/Enterprise%20App%20Development/New%20folder/se204.3-dea-cw-20.2-cs_illuminati/PhoenixAirline/web/admin.jsp</file>
            <file>file:/F:/NSBM/2nd%20Year/1st%20semester/Enterprise%20App%20Development/New%20folder/se204.3-dea-cw-20.2-cs_illuminati/PhoenixAirline/web/WEB-INF/web.xml</file>
            <file>file:/F:/NSBM/2nd%20Year/1st%20semester/Enterprise%20App%20Development/New%20folder/se204.3-dea-cw-20.2-cs_illuminati/PhoenixAirline/src/java/com/phoenixairline/controllers/RegisterServlet.java</file>
            <file>file:/F:/NSBM/2nd%20Year/1st%20semester/Enterprise%20App%20Development/New%20folder/se204.3-dea-cw-20.2-cs_illuminati/PhoenixAirline/src/java/com/phoenixairline/controllers/FlightControllers/AddFlightInfoServlet.java</file>
            <file>file:/F:/NSBM/2nd%20Year/1st%20semester/Enterprise%20App%20Development/New%20folder/se204.3-dea-cw-20.2-cs_illuminati/PhoenixAirline/src/java/com/phoenixairline/models/FlightDao.java</file>
            <file>file:/F:/NSBM/2nd%20Year/1st%20semester/Enterprise%20App%20Development/New%20folder/se204.3-dea-cw-20.2-cs_illuminati/PhoenixAirline/web/AddFlight.jsp</file>
        </group>
    </open-files>
</project-private>
